{
  "train_losses": [
    2.466889310576167,
    2.528280851643629,
    2.597198865598754,
    2.539552691258503,
    2.502401644613037,
    2.551170392273625,
    2.64132751636638,
    2.7010168499678042,
    2.5990523468480045,
    2.5751565214275383,
    2.691907515197918,
    2.7926932975855463,
    2.814410020572894,
    2.684835299406667,
    2.6922273199084614,
    2.8864372674689616,
    2.9750251011326543,
    2.9302563991556365,
    2.7952315522155975,
    2.8734772909048774,
    3.1619746008634344,
    3.1983349399572187,
    3.073552858172537,
    2.9714189157795134,
    3.1479286520468515,
    3.516690668195001,
    3.424302500519777,
    3.2313105837108385,
    3.2365863548082916,
    3.5357601441543998,
    3.9436088629651396,
    3.6696059641049104,
    3.4692049085455325,
    3.6184160895254274,
    4.072980032707825,
    4.396184746544428,
    3.956130440249402,
    3.7779142123945046,
    4.1631344578217115,
    4.743666508069761,
    4.837916670686591,
    4.270845715482792,
    4.243117577838592,
    4.9254779928265995,
    5.5248702643789205,
    5.253490418664739,
    4.702545682449676,
    4.8929213289144835,
    5.87508143897781,
    6.283264383586042
  ],
  "train_accuracies": [
    0.10366048593350384,
    0.10853580562659847,
    0.09902493606138107,
    0.11045396419437341,
    0.10591831841432225,
    0.10380035166240409,
    0.11109335038363172,
    0.10072330562659847,
    0.10687739769820973,
    0.10659766624040921,
    0.10218190537084398,
    0.11141304347826086,
    0.10064338235294118,
    0.10603820332480818,
    0.10539881713554987,
    0.10202205882352941,
    0.11089354219948849,
    0.10270140664961637,
    0.10755674552429667,
    0.10961476982097186,
    0.10100303708439898,
    0.11151294757033248,
    0.10292119565217392,
    0.10671755115089514,
    0.10653772378516624,
    0.10004395780051151,
    0.1101742327365729,
    0.10338075447570333,
    0.10348065856777494,
    0.11141304347826086,
    0.10014386189258312,
    0.10837595907928389,
    0.10264146419437341,
    0.10483935421994885,
    0.11001438618925831,
    0.10070332480818414,
    0.10859574808184143,
    0.10581841432225064,
    0.10108296035805626,
    0.11039402173913043,
    0.1002237851662404,
    0.10679747442455242,
    0.10633791560102301,
    0.10042359335038363,
    0.11115329283887468,
    0.10142263427109974,
    0.1050591432225064,
    0.10709718670076726,
    0.09844549232736573,
    0.11011429028132992
  ],
  "test_acc": 0.1116,
  "precision": 0.10694755233335149,
  "recall": 0.11159999999888401,
  "f1": 0.08703126613675549,
  "config": {
    "learning_rate": 0.01,
    "dropout_prob": 0.0,
    "batch_size": 64,
    "hidden_dims": [
      256,
      128
    ]
  }
}